{
  "src": [
    "piano.webm",
    "piano.mp3"
  ],
  "sprite": {
    "Pno_A#3": [
      0,
      3030.204081632653
    ],
    "Pno_A3": [
      5000,
      3030.204081632654
    ],
    "Pno_B3": [
      10000,
      3030.204081632654
    ],
    "Pno_C#3": [
      15000,
      2063.673469387755
    ],
    "Pno_C3": [
      19000,
      3030.204081632654
    ],
    "Pno_C4": [
      24000,
      3030.204081632654
    ],
    "Pno_D#3": [
      29000,
      3030.204081632654
    ],
    "Pno_D3": [
      34000,
      3030.204081632654
    ],
    "Pno_E3": [
      39000,
      3030.204081632654
    ],
    "Pno_F#3": [
      44000,
      3030.204081632654
    ],
    "Pno_F3": [
      49000,
      3030.204081632654
    ],
    "Pno_G#3": [
      54000,
      3030.204081632654
    ],
    "Pno_G3": [
      59000,
      3030.204081632654
    ]
  }
}