{
  "src": [
    "bassoon.webm",
    "bassoon.mp3"
  ],
  "sprite": {
    "Bsn_A#2": [
      0,
      4519.183673469388
    ],
    "Bsn_A2": [
      6000,
      4519.183673469389
    ],
    "Bsn_B2": [
      12000,
      4519.183673469389
    ],
    "Bsn_C#2": [
      18000,
      4519.183673469389
    ],
    "Bsn_C2": [
      24000,
      4519.183673469389
    ],
    "Bsn_C3": [
      30000,
      4519.183673469385
    ],
    "Bsn_D#2": [
      36000,
      4519.183673469385
    ],
    "Bsn_D2": [
      42000,
      4519.183673469385
    ],
    "Bsn_E2": [
      48000,
      4519.183673469385
    ],
    "Bsn_F#2": [
      54000,
      4519.183673469385
    ],
    "Bsn_F2": [
      60000,
      4519.183673469385
    ],
    "Bsn_G#2": [
      66000,
      4519.183673469385
    ],
    "Bsn_G2": [
      72000,
      4519.183673469385
    ]
  }
}